<?xml version="1.0" encoding="utf-8" ?>
<D:multistatus xmlns:D="DAV:"
	xmlns:Office="urn:schemas-microsoft-com:office:office" xmlns:Repl="http://schemas.microsoft.com/repl/"
	xmlns:Z="urn:schemas-microsoft-com:">
	<D:response>
		<D:href>https://projects.uni-paderborn.de/websites/studiolo/studiolo
		</D:href>
		<D:propstat>
			<D:prop>
				<D:displayname>studiolo</D:displayname>
				<D:lockdiscovery />
				<D:supportedlock />
				<D:isFolder>t</D:isFolder>
				<D:iscollection>1</D:iscollection>
				<D:ishidden>0</D:ishidden>
				<D:getcontenttype>application/octet-stream</D:getcontenttype>
				<D:getcontentlength>0</D:getcontentlength>
				<D:resourcetype>
					<D:collection />
				</D:resourcetype>
				<Repl:authoritative-directory>t</Repl:authoritative-directory>
				<D:getlastmodified>2011-06-21T06:53:29Z</D:getlastmodified>
				<D:creationdate>2011-01-19T15:19:19Z</D:creationdate>
				<Repl:repl-uid>rid:{69282FD2-C592-432F-86D7-86ED3F1EDB3E}
				</Repl:repl-uid>
				<Repl:resourcetag>rt:69282FD2-C592-432F-86D7-86ED3F1EDB3E@00000000000
				</Repl:resourcetag>
				<D:getetag>&quot;{69282FD2-C592-432F-86D7-86ED3F1EDB3E},0&quot;
				</D:getetag>
			</D:prop>
			<D:status>HTTP/1.1 200 OK</D:status>

		</D:propstat>
	</D:response>

	<D:response>
		<D:href>https://projects.uni-paderborn.de/websites/studiolo/studiolo/test
		</D:href>
		<D:propstat>
			<D:prop>
				<D:displayname>test</D:displayname>
				<D:lockdiscovery />
				<D:supportedlock />
				<D:isFolder>t</D:isFolder>
				<D:iscollection>1</D:iscollection>
				<D:ishidden>0</D:ishidden>
				<D:getcontenttype>application/octet-stream</D:getcontenttype>
				<D:getcontentlength>0</D:getcontentlength>
				<D:resourcetype>
					<D:collection />
				</D:resourcetype>
				<Repl:authoritative-directory>t</Repl:authoritative-directory>
				<D:getlastmodified>2011-06-20T08:21:23Z</D:getlastmodified>
				<D:creationdate>2011-06-20T07:51:14Z</D:creationdate>
				<Repl:repl-uid>rid:{1FCEC6F2-9DAE-4E41-BA3C-3F342E1FC07B}
				</Repl:repl-uid>
				<Repl:resourcetag>rt:1FCEC6F2-9DAE-4E41-BA3C-3F342E1FC07B@00000000000
				</Repl:resourcetag>
				<D:getetag>&quot;{1FCEC6F2-9DAE-4E41-BA3C-3F342E1FC07B},0&quot;
				</D:getetag>
			</D:prop>

			<D:status>HTTP/1.1 200 OK</D:status>
		</D:propstat>
	</D:response>

	<D:response>
		<D:href>https://projects.uni-paderborn.de/websites/studiolo/studiolo/studiolo.png
		</D:href>
		<D:propstat>
			<D:prop>
				<D:displayname>studiolo.png</D:displayname>
				<D:lockdiscovery />
				<D:supportedlock>
					<D:lockentry>
						<D:lockscope>
							<D:exclusive />
						</D:lockscope>
						<D:locktype>
							<D:write />
						</D:locktype>
					</D:lockentry>
				</D:supportedlock>
				<D:getlastmodified>2011-06-21T06:53:29Z</D:getlastmodified>
				<D:creationdate>2011-06-21T06:53:29Z</D:creationdate>
				<D:getcontentlength>121990</D:getcontentlength>
				<Repl:repl-uid>rid:{DDEA7CD1-33BE-437A-99E2-C807C54AA00A}
				</Repl:repl-uid>
				<Repl:resourcetag>rt:DDEA7CD1-33BE-437A-99E2-C807C54AA00A@00000000001
				</Repl:resourcetag>
				<D:getetag>&quot;{DDEA7CD1-33BE-437A-99E2-C807C54AA00A},1&quot;
				</D:getetag>
				<Office:modifiedby>AD\oberhoff</Office:modifiedby>
			</D:prop>
			<D:status>HTTP/1.1 200 OK</D:status>
		</D:propstat>
	</D:response>
	<D:response>
		<D:href>https://projects.uni-paderborn.de/websites/studiolo/studiolo/Forms
		</D:href>
		<D:propstat>
			<D:prop>
				<D:displayname>Forms</D:displayname>
				<D:lockdiscovery />
				<D:supportedlock />
				<D:isFolder>t</D:isFolder>
				<D:iscollection>1</D:iscollection>
				<D:ishidden>0</D:ishidden>
				<D:getcontenttype>application/octet-stream</D:getcontenttype>
				<D:getcontentlength>0</D:getcontentlength>
				<D:resourcetype>
					<D:collection />
				</D:resourcetype>
				<Repl:authoritative-directory>t</Repl:authoritative-directory>
				<D:getlastmodified>2011-01-19T15:19:19Z</D:getlastmodified>
				<D:creationdate>2011-01-19T15:19:19Z</D:creationdate>
				<Repl:repl-uid>rid:{62A07FD0-812C-483C-B096-DB78EF7EEB4A}
				</Repl:repl-uid>
				<Repl:resourcetag>rt:62A07FD0-812C-483C-B096-DB78EF7EEB4A@00000000000
				</Repl:resourcetag>
				<D:getetag>&quot;{62A07FD0-812C-483C-B096-DB78EF7EEB4A},0&quot;
				</D:getetag>
				<Z:Win32FileAttributes>00000012</Z:Win32FileAttributes>
			</D:prop>

			<D:status>HTTP/1.1 200 OK</D:status>
		</D:propstat>
	</D:response>
</D:multistatus>